Time (s),Frequency (Hz)
2.8399999999999834,45500.0
2.849999999999983,45500.0
2.859999999999983,45600.0
2.869999999999983,45500.0
2.8799999999999826,45500.0
2.8899999999999824,45600.0
2.899999999999982,45500.0
2.909999999999982,45500.0
2.9199999999999817,45600.0
2.9299999999999815,45500.0
2.9399999999999813,45600.0
2.949999999999981,45500.0
2.959999999999981,45500.0
2.9699999999999807,45600.0
2.9799999999999804,45500.0
2.9899999999999802,45500.0
2.99999999999998,45600.0
3.00999999999998,45500.0
3.0199999999999796,45600.0
3.0299999999999794,45500.0
3.039999999999979,45500.0
3.049999999999979,45600.0
3.0599999999999787,45500.0
3.0699999999999785,45500.0
3.0799999999999783,45600.0
3.089999999999978,45500.0
3.099999999999978,45600.0
3.1099999999999777,45500.0
3.1199999999999775,45500.0
3.1299999999999772,45600.0
3.139999999999977,45500.0
3.149999999999977,45500.0
3.1599999999999766,45600.0
3.1699999999999764,45500.0
3.179999999999976,45600.0
3.189999999999976,45500.0
3.1999999999999758,45500.0
3.2099999999999755,45600.0
3.2199999999999753,45500.0
3.229999999999975,45500.0
3.239999999999975,45600.0
3.2499999999999747,45500.0
3.2599999999999745,45600.0
3.2699999999999743,45500.0
3.279999999999974,45500.0
3.289999999999974,45600.0
3.2999999999999736,45500.0
3.3099999999999734,45500.0
3.319999999999973,45600.0
3.329999999999973,45500.0
3.3399999999999728,45600.0
3.3499999999999726,45500.0
3.3599999999999723,45500.0
3.369999999999972,45600.0
3.379999999999972,45500.0
3.3899999999999717,45500.0
3.3999999999999715,45600.0
3.4099999999999713,45500.0
3.419999999999971,45600.0
3.429999999999971,45500.0
3.4399999999999706,45500.0
3.4499999999999704,45600.0
3.45999999999997,45500.0
3.46999999999997,45500.0
3.47999999999997,45600.0
3.4899999999999696,45500.0
3.4999999999999694,45600.0
3.509999999999969,45500.0
3.519999999999969,45500.0
3.5299999999999687,45600.0
3.5399999999999685,45500.0
3.5499999999999683,45600.0
3.559999999999968,45500.0
3.569999999999968,45500.0
3.5799999999999677,45600.0
3.5899999999999674,45500.0
3.5999999999999672,45500.0
3.609999999999967,45600.0
3.619999999999967,45500.0
3.6299999999999666,45500.0
3.6399999999999664,45600.0
3.649999999999966,45500.0
3.659999999999966,45600.0
3.6699999999999657,45500.0
3.6799999999999655,45500.0
3.6899999999999653,45600.0
3.699999999999965,45500.0
3.709999999999965,45500.0
3.7199999999999647,45600.0
3.7299999999999645,45500.0
3.7399999999999642,45600.0
3.749999999999964,45500.0
3.759999999999964,45500.0
3.7699999999999636,45600.0
3.7799999999999634,45500.0
3.789999999999963,45500.0
3.799999999999963,45600.0
3.8099999999999627,45500.0
3.8199999999999625,45600.0
3.8299999999999623,45500.0
3.839999999999962,45500.0
3.849999999999962,45600.0
3.8599999999999617,45500.0
3.8699999999999615,45500.0
3.8799999999999613,45600.0
3.889999999999961,45500.0
3.899999999999961,45600.0
3.9099999999999606,45500.0
3.9199999999999604,45500.0
3.92999999999996,45600.0
3.93999999999996,45500.0
3.9499999999999598,45500.0
3.9599999999999596,45600.0
3.9699999999999593,45500.0
3.979999999999959,45500.0
3.989999999999959,45600.0
3.9999999999999587,45500.0
4.009999999999959,45600.0
4.019999999999959,45500.0
4.0299999999999585,45500.0
4.039999999999958,45600.0
4.049999999999958,45500.0
4.059999999999958,45500.0
4.069999999999958,45600.0
4.079999999999957,45500.0
4.089999999999957,45600.0
4.099999999999957,45500.0
4.109999999999957,45500.0
4.119999999999957,45600.0
4.129999999999956,45500.0
4.139999999999956,45600.0
4.149999999999956,45500.0
4.159999999999956,45500.0
4.1699999999999555,45600.0
4.179999999999955,45500.0
4.189999999999955,45500.0
4.199999999999955,45600.0
4.209999999999955,45500.0
4.2199999999999545,45600.0
4.229999999999954,45500.0
4.239999999999954,45500.0
4.249999999999954,46000.0
4.259999999999954,46000.0
4.269999999999953,46000.0
4.279999999999953,46000.0
4.289999999999953,46000.0
4.299999999999953,46000.0
4.3099999999999525,46000.0
4.319999999999952,46000.0
4.329999999999952,46000.0
4.339999999999952,46000.0
4.349999999999952,46000.0
4.3599999999999515,46000.0
4.369999999999951,46000.0
4.379999999999951,46100.0
4.389999999999951,46000.0
4.399999999999951,46000.0
4.40999999999995,46000.0
4.41999999999995,46000.0
4.42999999999995,46000.0
4.43999999999995,46000.0
4.4499999999999496,46000.0
4.459999999999949,46000.0
4.469999999999949,46000.0
4.479999999999949,46000.0
4.489999999999949,46000.0
4.4999999999999485,46000.0
4.509999999999948,46000.0
4.519999999999948,46000.0
4.529999999999948,46000.0
4.539999999999948,46100.0
4.549999999999947,46000.0
4.559999999999947,46000.0
4.569999999999947,46000.0
4.579999999999947,46000.0
4.589999999999947,46000.0
4.599999999999946,46000.0
4.609999999999946,46000.0
4.619999999999946,46000.0
4.629999999999946,46000.0
4.6399999999999455,46000.0
4.649999999999945,46000.0
4.659999999999945,46000.0
4.669999999999945,46000.0
4.679999999999945,46000.0
4.689999999999944,46000.0
4.699999999999944,46100.0
4.709999999999944,46000.0
4.719999999999944,46000.0
4.729999999999944,46000.0
4.739999999999943,46000.0
4.749999999999943,46000.0
4.759999999999943,46000.0
4.769999999999943,46000.0
4.7799999999999425,46000.0
4.789999999999942,46000.0
4.799999999999942,46000.0
4.809999999999942,46000.0
4.819999999999942,46000.0
4.8299999999999415,46000.0
4.839999999999941,46000.0
4.849999999999941,46000.0
4.859999999999941,46000.0
4.869999999999941,46100.0
4.87999999999994,46000.0
4.88999999999994,46000.0
4.89999999999994,46000.0
4.90999999999994,46000.0
4.9199999999999395,46000.0
4.929999999999939,46000.0
4.939999999999939,46000.0
4.949999999999939,46000.0
4.959999999999939,46000.0
4.9699999999999385,46000.0
4.979999999999938,46000.0
4.989999999999938,46000.0
4.999999999999938,46000.0
5.009999999999938,46000.0
5.019999999999937,46000.0
5.029999999999937,46000.0
5.039999999999937,46000.0
5.049999999999937,46000.0
5.0599999999999365,46100.0
5.069999999999936,46000.0
5.079999999999936,46000.0
5.089999999999936,46000.0
5.099999999999936,46000.0
5.1099999999999355,46000.0
5.119999999999935,46000.0
5.129999999999935,46000.0
5.139999999999935,46000.0
5.149999999999935,46000.0
5.159999999999934,46000.0
5.169999999999934,46000.0
5.179999999999934,46000.0
5.189999999999934,46000.0
5.199999999999934,46000.0
5.209999999999933,46000.0
5.219999999999933,46000.0
5.229999999999933,46000.0
5.239999999999933,46100.0
5.2499999999999325,46000.0
5.259999999999932,46000.0
5.269999999999932,46000.0
5.279999999999932,46000.0
5.289999999999932,46000.0
5.299999999999931,46000.0
5.309999999999931,46000.0
5.319999999999931,46000.0
5.329999999999931,46000.0
5.339999999999931,46000.0
5.34999999999993,46000.0
5.35999999999993,46000.0
5.36999999999993,46000.0
5.37999999999993,46000.0
5.3899999999999295,46000.0
5.399999999999929,46000.0
5.409999999999929,46000.0
5.419999999999929,46000.0
5.429999999999929,46000.0
5.4399999999999284,46100.0
5.449999999999928,46000.0
5.459999999999928,46000.0
5.469999999999928,46000.0
5.479999999999928,46000.0
5.489999999999927,46000.0
5.499999999999927,46000.0
5.509999999999927,46000.0
5.519999999999927,46000.0
5.5299999999999265,46000.0
5.539999999999926,46000.0
5.549999999999926,46000.0
5.559999999999926,46000.0
5.569999999999926,46000.0
5.5799999999999255,46000.0
5.589999999999925,46000.0
5.599999999999925,46000.0
5.609999999999925,46000.0
5.619999999999925,46100.0
5.629999999999924,46000.0
5.639999999999924,46000.0
5.649999999999924,46000.0
5.659999999999924,46000.0
5.6699999999999235,46000.0
5.679999999999923,46000.0
5.689999999999923,46000.0
5.699999999999923,46000.0
5.709999999999923,46000.0
5.7199999999999225,46000.0
5.729999999999922,46000.0
5.739999999999922,46000.0
5.749999999999922,46000.0
5.759999999999922,46000.0
5.769999999999921,46000.0
5.779999999999921,46000.0
5.789999999999921,46000.0
5.799999999999921,46000.0
5.809999999999921,46000.0
5.81999999999992,46000.0
5.82999999999992,46100.0
5.83999999999992,46000.0
5.84999999999992,46000.0
5.8599999999999195,46000.0
5.869999999999919,46000.0
5.879999999999919,46000.0
5.889999999999919,46000.0
5.899999999999919,46000.0
5.909999999999918,46000.0
5.919999999999918,46000.0
5.929999999999918,46000.0
5.939999999999918,46000.0
5.949999999999918,46000.0
5.959999999999917,46000.0
5.969999999999917,46000.0
5.979999999999917,46000.0
5.989999999999917,46000.0
5.9999999999999165,46000.0
6.009999999999916,46100.0
6.019999999999916,46000.0
6.029999999999916,46000.0
6.039999999999916,46000.0
6.0499999999999154,46000.0
6.059999999999915,46000.0
6.069999999999915,46000.0
6.079999999999915,46000.0
6.089999999999915,46000.0
6.099999999999914,46000.0
6.109999999999914,46000.0
6.119999999999914,46000.0
6.129999999999914,46000.0
6.1399999999999135,46000.0
6.149999999999913,46000.0
6.159999999999913,46000.0
6.169999999999913,46000.0
6.179999999999913,46000.0
6.1899999999999125,46000.0
6.199999999999912,46000.0
6.209999999999912,46100.0
6.219999999999912,46000.0
6.229999999999912,46000.0
6.239999999999911,46000.0
6.249999999999911,46000.0
6.259999999999911,46000.0
6.269999999999911,46000.0
6.2799999999999105,46000.0
6.28999999999991,46000.0
6.29999999999991,46000.0
6.30999999999991,46000.0
6.31999999999991,46000.0
6.3299999999999095,46000.0
6.339999999999909,46000.0
6.349999999999909,46000.0
6.359999999999909,46000.0
6.369999999999909,46000.0
6.379999999999908,46000.0
6.389999999999908,46000.0
6.399999999999908,46000.0
6.409999999999908,46100.0
6.419999999999908,46000.0
6.429999999999907,46000.0
6.439999999999907,46000.0
6.449999999999907,46000.0
6.459999999999907,46000.0
6.4699999999999065,46000.0
6.479999999999906,46000.0
6.489999999999906,46000.0
6.499999999999906,46000.0
6.509999999999906,46000.0
6.519999999999905,46000.0
6.529999999999905,46000.0
6.539999999999905,46000.0
6.549999999999905,46000.0
6.559999999999905,46000.0
6.569999999999904,46000.0
6.579999999999904,46000.0
6.589999999999904,46000.0
6.599999999999904,46000.0
6.6099999999999035,46100.0
6.619999999999903,46000.0
6.629999999999903,46000.0
6.639999999999903,46000.0
6.649999999999903,46000.0
6.659999999999902,46000.0
6.669999999999902,46000.0
6.679999999999902,46000.0
6.689999999999902,46000.0
6.699999999999902,46000.0
6.709999999999901,46000.0
6.719999999999901,46000.0
6.729999999999901,46000.0
6.739999999999901,46000.0
6.7499999999999005,46000.0
6.7599999999999,46000.0
6.7699999999999,46000.0
6.7799999999999,46000.0
6.7899999999999,46000.0
6.7999999999998995,46100.0
6.809999999999899,46000.0
6.819999999999899,46000.0
6.829999999999899,46000.0
6.839999999999899,46000.0
6.849999999999898,46000.0
6.859999999999898,46000.0
6.869999999999898,46000.0
6.879999999999898,46000.0
6.8899999999998975,46000.0
6.899999999999897,46000.0
6.909999999999897,46000.0
6.919999999999897,46000.0
6.929999999999897,46000.0
6.9399999999998965,46000.0
6.949999999999896,46000.0
6.959999999999896,46000.0
6.969999999999896,46000.0
6.979999999999896,46000.0
6.989999999999895,46000.0
6.999999999999895,46000.0
7.009999999999895,46100.0
7.019999999999895,46000.0
7.0299999999998946,46000.0
7.039999999999894,46000.0
7.049999999999894,46000.0
7.059999999999894,46000.0
7.069999999999894,46000.0
7.0799999999998935,46000.0
7.089999999999893,46000.0
7.099999999999893,46000.0
7.109999999999893,46000.0
7.119999999999893,46000.0
7.129999999999892,46000.0
7.139999999999892,46000.0
7.149999999999892,46000.0
7.159999999999892,46000.0
7.169999999999892,46000.0
7.179999999999891,46000.0
7.189999999999891,46000.0
7.199999999999891,46000.0
7.209999999999891,46100.0
7.2199999999998905,46000.0
7.22999999999989,46000.0
7.23999999999989,46000.0
7.24999999999989,46000.0
7.25999999999989,46000.0
7.269999999999889,46000.0
7.279999999999889,46000.0
7.289999999999889,46000.0
7.299999999999889,46000.0
7.309999999999889,46000.0
7.319999999999888,46000.0
7.329999999999888,46000.0
7.339999999999888,46000.0
7.349999999999888,46000.0
7.3599999999998875,46000.0
7.369999999999887,46000.0
7.379999999999887,46000.0
7.389999999999887,46000.0
7.399999999999887,46000.0
7.4099999999998865,46000.0
7.419999999999886,46000.0
7.429999999999886,46100.0
7.439999999999886,46000.0
7.449999999999886,46000.0
7.459999999999885,46000.0
7.469999999999885,46000.0
7.479999999999885,46000.0
7.489999999999885,46000.0
7.4999999999998845,46000.0
7.509999999999884,46000.0
7.519999999999884,46000.0
7.529999999999884,46000.0
7.539999999999884,46000.0
7.5499999999998835,46000.0
7.559999999999883,46000.0
7.569999999999883,46000.0
7.579999999999883,46000.0
7.589999999999883,46000.0
7.599999999999882,46000.0
7.609999999999882,46000.0
7.619999999999882,46000.0
7.629999999999882,46000.0
7.6399999999998816,46100.0
7.649999999999881,46000.0
7.659999999999881,46000.0
7.669999999999881,46000.0
7.679999999999881,46000.0
7.6899999999998805,46000.0
7.69999999999988,46000.0
7.70999999999988,46000.0
7.71999999999988,46000.0
7.72999999999988,46000.0
7.739999999999879,46000.0
7.749999999999879,46000.0
7.759999999999879,46000.0
7.769999999999879,46000.0
7.779999999999879,46000.0
7.789999999999878,46000.0
7.799999999999878,46000.0
7.809999999999878,46000.0
7.819999999999878,46000.0
7.8299999999998775,46000.0
7.839999999999877,46000.0
7.849999999999877,46000.0
7.859999999999877,46100.0
7.869999999999877,46000.0
7.879999999999876,46000.0
7.889999999999876,46000.0
7.899999999999876,46000.0
7.909999999999876,46000.0
7.919999999999876,46000.0
7.929999999999875,46000.0
7.939999999999875,46000.0
7.949999999999875,46000.0
7.959999999999875,46000.0
7.9699999999998745,46000.0
7.979999999999874,46000.0
7.989999999999874,46000.0
7.999999999999874,46000.0
8.009999999999874,46000.0
8.019999999999873,46000.0
8.029999999999873,46000.0
8.039999999999873,46000.0
8.049999999999873,46000.0
8.059999999999873,46100.0
8.069999999999872,45900.0
8.079999999999872,46100.0
8.089999999999872,46000.0
8.099999999999872,46000.0
8.109999999999872,46000.0
8.119999999999871,46000.0
8.129999999999871,46000.0
8.139999999999871,46000.0
8.14999999999987,46000.0
8.15999999999987,46000.0
8.16999999999987,46000.0
8.17999999999987,46000.0
8.18999999999987,46000.0
8.19999999999987,46000.0
8.20999999999987,46000.0
8.21999999999987,46000.0
8.229999999999869,46000.0
8.239999999999869,46000.0
8.249999999999869,46000.0
8.259999999999868,46000.0
8.269999999999868,46000.0
8.279999999999868,46000.0
8.289999999999868,46000.0
8.299999999999867,46100.0
8.309999999999867,46000.0
8.319999999999867,46000.0
8.329999999999867,46000.0
8.339999999999867,46000.0
8.349999999999866,46000.0
8.359999999999866,46000.0
8.369999999999866,46000.0
8.379999999999866,46000.0
8.389999999999866,46000.0
8.399999999999865,46000.0
8.409999999999865,46000.0
8.419999999999865,46000.0
8.429999999999865,46000.0
8.439999999999864,46000.0
8.449999999999864,46000.0
8.459999999999864,46000.0
8.469999999999864,46000.0
8.479999999999864,46000.0
8.489999999999863,46000.0
8.499999999999863,46000.0
8.509999999999863,46100.0
8.519999999999863,46000.0
8.529999999999863,46000.0
8.539999999999862,46000.0
8.549999999999862,46000.0
8.559999999999862,46000.0
8.569999999999862,46000.0
8.579999999999862,46000.0
8.589999999999861,46000.0
8.599999999999861,46000.0
8.60999999999986,46000.0
8.61999999999986,46000.0
8.62999999999986,46000.0
8.63999999999986,46000.0
8.64999999999986,46000.0
8.65999999999986,46000.0
8.66999999999986,46000.0
8.67999999999986,46000.0
8.68999999999986,46000.0
8.699999999999859,46000.0
8.709999999999859,46000.0
8.719999999999859,46100.0
8.729999999999858,46000.0
8.739999999999858,46000.0
8.749999999999858,46000.0
8.759999999999858,46000.0
8.769999999999857,46000.0
8.779999999999857,46000.0
8.789999999999857,46000.0
8.799999999999857,46000.0
8.809999999999857,46000.0
8.819999999999856,46000.0
8.829999999999856,46000.0
8.839999999999856,46000.0
8.849999999999856,46000.0
8.859999999999856,46000.0
8.869999999999855,46000.0
8.879999999999855,46000.0
8.889999999999855,46000.0
8.899999999999855,46000.0
8.909999999999854,46000.0
8.919999999999854,46000.0
8.929999999999854,46000.0
8.939999999999854,46000.0
8.949999999999854,46100.0
8.959999999999853,46000.0
8.969999999999853,46000.0
8.979999999999853,46000.0
8.989999999999853,46000.0
8.999999999999853,46000.0
9.009999999999852,46000.0
9.019999999999852,46000.0
9.029999999999852,46000.0
9.039999999999852,46000.0
9.049999999999851,46000.0
9.059999999999851,46000.0
9.069999999999851,46000.0
9.07999999999985,46000.0
9.08999999999985,46000.0
9.09999999999985,46000.0
9.10999999999985,46000.0
9.11999999999985,46000.0
9.12999999999985,46000.0
9.13999999999985,46000.0
9.14999999999985,46000.0
9.15999999999985,46100.0
9.169999999999849,46000.0
9.179999999999849,46000.0
9.189999999999849,46000.0
9.199999999999848,46000.0
9.209999999999848,46000.0
9.219999999999848,46000.0
9.229999999999848,46000.0
9.239999999999847,46000.0
9.249999999999847,46000.0
9.259999999999847,46000.0
9.269999999999847,46000.0
9.279999999999847,46000.0
9.289999999999846,46000.0
9.299999999999846,46000.0
9.309999999999846,46000.0
9.319999999999846,46000.0
9.329999999999846,46000.0
9.339999999999845,46000.0
9.349999999999845,46000.0
9.359999999999845,46000.0
9.369999999999845,46000.0
9.379999999999844,46100.0
9.389999999999844,46000.0
9.399999999999844,46000.0
9.409999999999844,46000.0
9.419999999999844,46000.0
9.429999999999843,46000.0
9.439999999999843,46000.0
9.449999999999843,46000.0
9.459999999999843,46000.0
9.469999999999843,46000.0
9.479999999999842,46000.0
9.489999999999842,46000.0
9.499999999999842,46000.0
9.509999999999842,46000.0
9.519999999999841,46000.0
9.529999999999841,46000.0
9.539999999999841,46000.0
9.54999999999984,46000.0
9.55999999999984,46000.0
9.56999999999984,46000.0
9.57999999999984,46000.0
9.58999999999984,46000.0
9.59999999999984,46000.0
9.60999999999984,46000.0
9.61999999999984,46000.0
9.62999999999984,46000.0
9.639999999999839,46000.0
9.649999999999839,46000.0
9.659999999999838,46100.0
9.669999999999838,46000.0
9.679999999999838,46000.0
9.689999999999838,46000.0
9.699999999999838,46000.0
9.709999999999837,46000.0
9.719999999999837,46000.0
9.729999999999837,46000.0
9.739999999999837,46000.0
9.749999999999837,46000.0
9.759999999999836,46000.0
9.769999999999836,46000.0
9.779999999999836,46000.0
9.789999999999836,46000.0
9.799999999999836,46000.0
9.809999999999835,46000.0
9.819999999999835,46000.0
9.829999999999835,46000.0
9.839999999999835,46000.0
9.849999999999834,46000.0
9.859999999999834,46000.0
9.869999999999834,46000.0
9.879999999999834,46000.0
9.889999999999834,46000.0
9.899999999999833,46100.0
9.909999999999833,46000.0
9.919999999999833,46000.0
9.929999999999833,46000.0
9.939999999999833,46000.0
9.949999999999832,46000.0
9.959999999999832,46000.0
9.969999999999832,46000.0
9.979999999999832,46000.0
9.989999999999831,46000.0
9.999999999999831,46000.0
10.009999999999831,46000.0
10.01999999999983,46000.0
10.02999999999983,46000.0
10.03999999999983,46000.0
10.04999999999983,46000.0
10.05999999999983,46000.0
10.06999999999983,46000.0
10.07999999999983,46000.0
10.08999999999983,46000.0
10.09999999999983,46000.0
10.109999999999829,46100.0
10.119999999999829,46000.0
10.129999999999828,46000.0
10.139999999999828,46000.0
10.149999999999828,46000.0
10.159999999999828,46000.0
10.169999999999828,46000.0
10.179999999999827,46000.0
10.189999999999827,46000.0
10.199999999999827,46000.0
10.209999999999827,46000.0
10.219999999999827,46000.0
10.229999999999826,46000.0
10.239999999999826,46000.0
10.249999999999826,46000.0
10.259999999999826,46000.0
10.269999999999825,46000.0
10.279999999999825,46000.0
10.289999999999825,46000.0
10.299999999999825,46000.0
10.309999999999825,46000.0
10.319999999999824,46000.0
10.329999999999824,46000.0
10.339999999999824,46000.0
10.349999999999824,46100.0
10.359999999999824,46000.0
10.369999999999823,46000.0
10.379999999999823,46000.0
10.389999999999823,46000.0
10.399999999999823,46000.0
10.409999999999823,46000.0
10.419999999999822,46000.0
10.429999999999822,46000.0
10.439999999999822,46000.0
10.449999999999822,46000.0
10.459999999999821,46000.0
10.469999999999821,46000.0
10.479999999999821,46000.0
10.48999999999982,46000.0
10.49999999999982,46000.0
10.50999999999982,46000.0
10.51999999999982,46000.0
10.52999999999982,46000.0
10.53999999999982,46000.0
10.54999999999982,46000.0
10.55999999999982,46000.0
10.569999999999819,46000.0
10.579999999999819,46000.0
10.589999999999819,46100.0
10.599999999999818,46000.0
10.609999999999818,46000.0
10.619999999999818,46000.0
10.629999999999818,46000.0
10.639999999999818,46000.0
10.649999999999817,46000.0
10.659999999999817,46000.0
10.669999999999817,46000.0
10.679999999999817,46000.0
10.689999999999817,46000.0
10.699999999999816,46000.0
10.709999999999816,46000.0
10.719999999999816,46000.0
10.729999999999816,46000.0
10.739999999999815,46000.0
10.749999999999815,46000.0
10.759999999999815,46000.0
10.769999999999815,46000.0
10.779999999999815,46000.0
10.789999999999814,46000.0
10.799999999999814,46000.0
10.809999999999814,46000.0
10.819999999999814,46100.0
10.829999999999814,46000.0
10.839999999999813,46000.0
10.849999999999813,46000.0
10.859999999999813,46000.0
10.869999999999813,46000.0
10.879999999999812,46000.0
10.889999999999812,46000.0
10.899999999999812,46000.0
10.909999999999812,46000.0
10.919999999999812,46000.0
10.929999999999811,46000.0
10.939999999999811,46000.0
10.949999999999811,46000.0
10.95999999999981,46000.0
10.96999999999981,46000.0
10.97999999999981,46000.0
10.98999999999981,46000.0
10.99999999999981,46000.0
11.00999999999981,46000.0
11.01999999999981,46000.0
11.02999999999981,46000.0
11.039999999999809,46000.0
11.049999999999809,46100.0
11.059999999999809,46000.0
11.069999999999808,46000.0
11.079999999999808,46000.0
11.089999999999808,46000.0
11.099999999999808,46000.0
11.109999999999808,46000.0
11.119999999999807,46000.0
11.129999999999807,46000.0
11.139999999999807,46000.0
11.149999999999807,46000.0
11.159999999999807,46000.0
11.169999999999806,46000.0
11.179999999999806,46000.0
11.189999999999806,46000.0
11.199999999999806,46000.0
11.209999999999805,46000.0
11.219999999999805,46000.0
11.229999999999805,46000.0
11.239999999999805,46000.0
11.249999999999805,46000.0
11.259999999999804,46000.0
11.269999999999804,46000.0
11.279999999999804,46100.0
11.289999999999804,46000.0
11.299999999999804,46000.0
11.309999999999803,46000.0
11.319999999999803,46000.0
11.329999999999803,46000.0
11.339999999999803,46000.0
11.349999999999802,46000.0
11.359999999999802,46000.0
11.369999999999802,46000.0
11.379999999999802,46000.0
11.389999999999802,46000.0
11.399999999999801,46000.0
11.409999999999801,46000.0
11.419999999999801,46000.0
11.4299999999998,46000.0
11.4399999999998,46000.0
11.4499999999998,46000.0
11.4599999999998,46000.0
11.4699999999998,46000.0
11.4799999999998,46000.0
11.4899999999998,46000.0
11.4999999999998,46000.0
11.509999999999799,46000.0
11.519999999999799,46100.0
11.529999999999799,46000.0
11.539999999999798,46000.0
11.549999999999798,46000.0
11.559999999999798,46000.0
11.569999999999798,46000.0
11.579999999999798,46000.0
11.589999999999797,46000.0
11.599999999999797,46000.0
11.609999999999797,46000.0
11.619999999999797,46000.0
11.629999999999797,46000.0
11.639999999999796,46000.0
11.649999999999796,46000.0
11.659999999999796,46000.0
11.669999999999796,46000.0
11.679999999999795,46000.0
11.689999999999795,46000.0
11.699999999999795,46000.0
11.709999999999795,46000.0
11.719999999999795,46000.0
11.729999999999794,46000.0
11.739999999999794,46100.0
11.749999999999794,46000.0
11.759999999999794,46000.0
11.769999999999794,46000.0
11.779999999999793,46000.0
11.789999999999793,46000.0
11.799999999999793,4600000.0
11.809999999999793,46000.0
11.819999999999792,46000.0
11.829999999999792,46000.0
11.839999999999792,46000.0
11.849999999999792,46000.0
11.859999999999792,46000.0
11.869999999999791,46000.0
11.879999999999791,46000.0
11.889999999999791,46000.0
11.89999999999979,46000.0
11.90999999999979,46000.0
11.91999999999979,46000.0
11.92999999999979,46000.0
11.93999999999979,46000.0
11.94999999999979,46000.0
11.95999999999979,46000.0
11.96999999999979,46000.0
11.979999999999789,46100.0
11.989999999999789,46000.0
11.999999999999789,46000.0
12.009999999999788,46000.0
12.019999999999788,46000.0
12.029999999999788,46000.0
12.039999999999788,46000.0
12.049999999999788,46000.0
12.059999999999787,46000.0
12.069999999999787,46000.0
12.079999999999787,46000.0
12.089999999999787,46000.0
12.099999999999786,46000.0
12.109999999999786,46000.0
12.119999999999786,46000.0
12.129999999999786,46000.0
12.139999999999786,46000.0
12.149999999999785,46000.0
12.159999999999785,46000.0
12.169999999999785,46000.0
12.179999999999785,46000.0
12.189999999999785,46000.0
12.199999999999784,46000.0
12.209999999999784,46100.0
12.219999999999784,45900.0
12.229999999999784,46100.0
12.239999999999783,46000.0
12.249999999999783,46000.0
12.259999999999783,46000.0
12.269999999999783,46000.0
12.279999999999783,46000.0
12.289999999999782,46000.0
12.299999999999782,46000.0
12.309999999999782,46000.0
12.319999999999782,46000.0
12.329999999999782,46000.0
12.339999999999781,46000.0
12.349999999999781,46000.0
12.359999999999781,46000.0
12.36999999999978,46000.0
12.37999999999978,46000.0
12.38999999999978,46000.0
12.39999999999978,46000.0
12.40999999999978,46000.0
12.41999999999978,46000.0
12.42999999999978,46000.0
12.43999999999978,46100.0
12.449999999999779,46000.0
12.459999999999779,46000.0
12.469999999999779,46000.0
12.479999999999778,46000.0
12.489999999999778,46000.0
12.499999999999778,46000.0
12.509999999999778,46000.0
12.519999999999778,46000.0
12.529999999999777,46000.0
12.539999999999777,46000.0
12.549999999999777,46000.0
12.559999999999777,46000.0
12.569999999999776,46000.0
12.579999999999776,46000.0
12.589999999999776,46000.0
12.599999999999776,46000.0
12.609999999999776,46000.0
12.619999999999775,46000.0
12.629999999999775,46000.0
12.639999999999775,46000.0
12.649999999999775,46000.0
12.659999999999775,46000.0
12.669999999999774,46000.0
12.679999999999774,46100.0
12.689999999999774,46000.0
12.699999999999774,46000.0
12.709999999999773,46000.0
12.719999999999773,46000.0
12.729999999999773,46000.0
12.739999999999773,46000.0
12.749999999999773,46000.0
12.759999999999772,46000.0
12.769999999999772,46000.0
12.779999999999772,46000.0
12.789999999999772,46000.0
12.799999999999772,46000.0
12.809999999999771,46000.0
12.819999999999771,46000.0
12.829999999999771,46000.0
12.83999999999977,46000.0
12.84999999999977,46000.0
12.85999999999977,46000.0
12.86999999999977,46000.0
12.87999999999977,46000.0
12.88999999999977,46100.0
12.89999999999977,45900.0
12.90999999999977,46000.0
12.919999999999769,46100.0
12.929999999999769,46000.0
12.939999999999769,46000.0
12.949999999999768,46000.0
12.959999999999768,46000.0
12.969999999999768,46000.0
12.979999999999768,46000.0
12.989999999999768,46000.0
12.999999999999767,46000.0
13.009999999999767,46000.0
13.019999999999767,46000.0
13.029999999999767,46000.0
13.039999999999766,46000.0
13.049999999999766,46000.0
13.059999999999766,46000.0
13.069999999999766,46000.0
13.079999999999766,46000.0
13.089999999999765,46000.0
13.099999999999765,46000.0
13.109999999999765,46000.0
13.119999999999765,46000.0
13.129999999999765,46000.0
13.139999999999764,46100.0
13.149999999999764,46000.0
13.159999999999764,46000.0
13.169999999999764,46000.0
13.179999999999763,46000.0
13.189999999999763,46000.0
13.199999999999763,46000.0
13.209999999999763,46000.0
13.219999999999763,46000.0
13.229999999999762,46000.0
13.239999999999762,46000.0
13.249999999999762,46000.0
13.259999999999762,46000.0
13.269999999999762,46000.0
13.279999999999761,46000.0
13.289999999999761,46000.0
13.299999999999761,46000.0
13.30999999999976,46000.0
13.31999999999976,46000.0
13.32999999999976,46000.0
13.33999999999976,46000.0
13.34999999999976,46000.0
13.35999999999976,46100.0
13.36999999999976,45900.0
13.37999999999976,46100.0
13.389999999999759,46000.0
13.399999999999759,46000.0
13.409999999999759,46000.0
13.419999999999758,46000.0
13.429999999999758,46000.0
13.439999999999758,46000.0
13.449999999999758,46000.0
13.459999999999757,46000.0
13.469999999999757,46000.0
13.479999999999757,46000.0
13.489999999999757,46000.0
13.499999999999757,46000.0
13.509999999999756,46000.0
13.519999999999756,46000.0
13.529999999999756,46000.0
13.539999999999756,46000.0
13.549999999999756,46000.0
13.559999999999755,46000.0
13.569999999999755,46000.0
13.579999999999755,46000.0
13.589999999999755,46000.0
13.599999999999755,46100.0
13.609999999999754,46000.0
13.619999999999754,46000.0
13.629999999999754,46000.0
13.639999999999754,46000.0
13.649999999999753,46000.0
13.659999999999753,46000.0
13.669999999999753,46000.0
13.679999999999753,46000.0
13.689999999999753,46000.0
13.699999999999752,46000.0
13.709999999999752,46000.0
13.719999999999752,46000.0
13.729999999999752,46000.0
13.739999999999752,46000.0
13.749999999999751,46000.0
13.759999999999751,46000.0
13.76999999999975,46000.0
13.77999999999975,46000.0
13.78999999999975,46000.0
13.79999999999975,46000.0
13.80999999999975,46000.0
13.81999999999975,46000.0
13.82999999999975,46000.0
13.83999999999975,46100.0
13.84999999999975,46000.0
13.859999999999749,46000.0
13.869999999999749,46000.0
13.879999999999749,46000.0
13.889999999999748,46000.0
13.899999999999748,46000.0
13.909999999999748,46000.0
13.919999999999748,46000.0
13.929999999999747,46000.0
13.939999999999747,46000.0
13.949999999999747,46000.0
13.959999999999747,46000.0
13.969999999999747,46000.0
13.979999999999746,46000.0
13.989999999999746,46000.0
13.999999999999746,46000.0
14.009999999999746,46000.0
14.019999999999746,46000.0
14.029999999999745,46000.0
14.039999999999745,46000.0
14.049999999999745,46000.0
14.059999999999745,46100.0
14.069999999999744,46000.0
14.079999999999744,46000.0
14.089999999999744,46000.0
14.099999999999744,46000.0
14.109999999999744,46000.0
14.119999999999743,46000.0
14.129999999999743,46000.0
14.139999999999743,46000.0
14.149999999999743,46000.0
14.159999999999743,46000.0
14.169999999999742,46000.0
14.179999999999742,46000.0
14.189999999999742,46000.0
14.199999999999742,46000.0
14.209999999999742,46000.0
14.219999999999741,46000.0
14.229999999999741,46000.0
14.23999999999974,46000.0
14.24999999999974,46000.0
14.25999999999974,46000.0
14.26999999999974,46000.0
14.27999999999974,46000.0
14.28999999999974,46000.0
14.29999999999974,46100.0
14.30999999999974,46000.0
14.31999999999974,46000.0
14.329999999999739,46000.0
14.339999999999739,46000.0
14.349999999999739,46000.0
14.359999999999738,46000.0
14.369999999999738,46000.0
14.379999999999738,46000.0
14.389999999999738,46000.0
14.399999999999737,46000.0
14.409999999999737,46000.0
14.419999999999737,46000.0
14.429999999999737,46000.0
14.439999999999737,46000.0
14.449999999999736,46000.0
14.459999999999736,46000.0
14.469999999999736,46000.0
14.479999999999736,46000.0
14.489999999999736,46000.0
14.499999999999735,46000.0
14.509999999999735,46100.0
14.519999999999735,45900.0
14.529999999999735,46100.0
14.539999999999734,46000.0
14.549999999999734,46000.0
14.559999999999734,46000.0
14.569999999999734,46000.0
14.579999999999734,46000.0
14.589999999999733,46000.0
14.599999999999733,46000.0
14.609999999999733,46000.0
14.619999999999733,46000.0
14.629999999999733,46000.0
14.639999999999732,46000.0
14.649999999999732,46000.0
14.659999999999732,46000.0
14.669999999999732,46000.0
14.679999999999731,46000.0
14.689999999999731,46000.0
14.699999999999731,46000.0
14.70999999999973,46000.0
14.71999999999973,46000.0
14.72999999999973,46000.0
14.73999999999973,46000.0
14.74999999999973,46000.0
14.75999999999973,46100.0
14.76999999999973,46000.0
14.77999999999973,46000.0
14.78999999999973,46000.0
14.799999999999729,46000.0
14.809999999999729,46000.0
14.819999999999729,46000.0
14.829999999999728,46000.0
14.839999999999728,46000.0
14.849999999999728,46000.0
14.859999999999728,46000.0
14.869999999999727,46000.0
14.879999999999727,46000.0
14.889999999999727,46000.0
14.899999999999727,46000.0
14.909999999999727,46000.0
14.919999999999726,46000.0
14.929999999999726,46000.0
14.939999999999726,46000.0
14.949999999999726,46000.0
14.959999999999726,46000.0
14.969999999999725,46000.0
14.979999999999725,46100.0
14.989999999999725,46000.0
14.999999999999725,46000.0
15.009999999999724,46000.0
15.019999999999724,46000.0
15.029999999999724,46000.0
15.039999999999724,46000.0
15.049999999999724,46000.0
15.059999999999723,46000.0
15.069999999999723,46000.0
15.079999999999723,46000.0
15.089999999999723,46000.0
15.099999999999723,46000.0
15.109999999999722,46000.0
15.119999999999722,46000.0
15.129999999999722,46000.0
15.139999999999722,46000.0
15.149999999999721,46000.0
15.159999999999721,46000.0
15.169999999999721,46000.0
15.17999999999972,46000.0
15.18999999999972,46000.0
15.19999999999972,46000.0
15.20999999999972,46000.0
15.21999999999972,46100.0
15.22999999999972,46000.0
15.23999999999972,46000.0
15.24999999999972,46000.0
15.25999999999972,46000.0
15.269999999999719,46000.0
15.279999999999719,46000.0
15.289999999999718,46000.0
15.299999999999718,46000.0
15.309999999999718,46000.0
15.319999999999718,46000.0
15.329999999999718,46000.0
15.339999999999717,46000.0
15.349999999999717,46000.0
15.359999999999717,46000.0
15.369999999999717,46000.0
15.379999999999717,46000.0
15.389999999999716,46000.0
15.399999999999716,46000.0
15.409999999999716,46000.0
15.419999999999716,46000.0
15.429999999999715,46000.0
15.439999999999715,46000.0
15.449999999999715,46100.0
15.459999999999715,46000.0
15.469999999999715,46000.0
15.479999999999714,46000.0
15.489999999999714,46000.0
15.499999999999714,46000.0
15.509999999999714,46000.0
15.519999999999714,46000.0
15.529999999999713,46000.0
15.539999999999713,46000.0
15.549999999999713,46000.0
15.559999999999713,46000.0
15.569999999999713,46000.0
15.579999999999712,46000.0
15.589999999999712,46000.0
15.599999999999712,46000.0
15.609999999999712,46000.0
15.619999999999711,46000.0
15.629999999999711,46000.0
15.639999999999711,46000.0
15.64999999999971,46000.0
15.65999999999971,46000.0
15.66999999999971,46000.0
15.67999999999971,46000.0
15.68999999999971,46100.0
15.69999999999971,46000.0
15.70999999999971,46000.0
15.71999999999971,46000.0
15.729999999999709,46000.0
15.739999999999709,46000.0
15.749999999999709,46000.0
15.759999999999708,46000.0
15.769999999999708,46000.0
15.779999999999708,46000.0
15.789999999999708,46000.0
15.799999999999708,46000.0
15.809999999999707,46000.0
15.819999999999707,46000.0
15.829999999999707,46000.0
15.839999999999707,46000.0
15.849999999999707,46000.0
15.859999999999706,46000.0
15.869999999999706,46000.0
15.879999999999706,46000.0
15.889999999999706,46000.0
15.899999999999705,46000.0
15.909999999999705,46000.0
15.919999999999705,46100.0
15.929999999999705,45900.0
15.939999999999705,46100.0
15.949999999999704,46000.0
15.959999999999704,46000.0
15.969999999999704,46000.0
15.979999999999704,46000.0
15.989999999999704,46000.0
15.999999999999703,46000.0
16.009999999999703,46000.0
16.019999999999705,46000.0
16.029999999999706,46000.0
16.039999999999708,46000.0
16.04999999999971,46000.0
16.05999999999971,46000.0
16.069999999999713,46000.0
16.079999999999714,46000.0
16.089999999999716,46000.0
16.099999999999717,46000.0
16.10999999999972,46000.0
16.11999999999972,46000.0
16.129999999999722,46000.0
16.139999999999723,46000.0
16.149999999999725,46000.0
16.159999999999727,46100.0
16.169999999999728,45900.0
16.17999999999973,46100.0
16.18999999999973,46000.0
16.199999999999733,46000.0
16.209999999999734,46000.0
16.219999999999736,46000.0
16.229999999999738,46000.0
16.23999999999974,46000.0
16.24999999999974,46000.0
16.259999999999742,46000.0
16.269999999999744,46000.0
16.279999999999745,46000.0
16.289999999999747,46000.0
16.29999999999975,46000.0
16.30999999999975,46000.0
16.31999999999975,46000.0
16.329999999999753,46000.0
16.339999999999755,46000.0
16.349999999999756,46000.0
16.359999999999758,46000.0
16.36999999999976,46000.0
16.37999999999976,46000.0
16.389999999999763,46000.0
16.399999999999764,46100.0
16.409999999999766,46000.0
16.419999999999767,45900.0
16.42999999999977,46100.0
16.43999999999977,46000.0
16.449999999999772,46000.0
16.459999999999773,46000.0
16.469999999999775,46000.0
16.479999999999777,46000.0
16.489999999999778,46000.0
16.49999999999978,46000.0
16.50999999999978,46000.0
16.519999999999783,46000.0
16.529999999999784,46000.0
16.539999999999786,46000.0
16.549999999999788,46000.0
16.55999999999979,46000.0
16.56999999999979,46000.0
16.579999999999792,46000.0
16.589999999999794,46000.0
16.599999999999795,46000.0
16.609999999999797,46000.0
16.6199999999998,46000.0
16.6299999999998,46000.0
16.6399999999998,46000.0
16.649999999999803,46000.0
16.659999999999805,46100.0
16.669999999999806,46000.0
16.679999999999808,46000.0
16.68999999999981,46000.0
16.69999999999981,46000.0
16.709999999999813,46000.0
16.719999999999814,46000.0
16.729999999999816,46000.0
16.739999999999817,46000.0
16.74999999999982,46000.0
16.75999999999982,46000.0
16.769999999999822,46000.0
16.779999999999824,46000.0
16.789999999999825,46000.0
16.799999999999827,46000.0
16.809999999999828,46000.0
16.81999999999983,46000.0
16.82999999999983,46000.0
16.839999999999833,46000.0
16.849999999999834,46000.0
16.859999999999836,46000.0
16.869999999999838,46000.0
16.87999999999984,46000.0
16.88999999999984,46000.0
16.899999999999842,46100.0
16.909999999999844,46000.0
16.919999999999845,46000.0
16.929999999999847,46000.0
16.93999999999985,46000.0
16.94999999999985,46000.0
16.95999999999985,46000.0
16.969999999999853,46000.0
16.979999999999855,46000.0
16.989999999999856,46000.0
16.999999999999858,46000.0
17.00999999999986,46000.0
17.01999999999986,46000.0
17.029999999999863,46000.0
17.039999999999864,46000.0
17.049999999999866,46000.0
17.059999999999867,46000.0
17.06999999999987,46000.0
17.07999999999987,46000.0
17.089999999999872,46000.0
17.099999999999874,46000.0
17.109999999999875,46000.0
17.119999999999877,46000.0
17.129999999999878,46000.0
17.13999999999988,46100.0
17.14999999999988,46000.0
17.159999999999883,46000.0
17.169999999999884,46000.0
17.179999999999886,46000.0
17.189999999999888,46000.0
17.19999999999989,46000.0
17.20999999999989,46000.0
17.219999999999892,46000.0
17.229999999999894,46000.0
17.239999999999895,46000.0
17.249999999999897,46000.0
17.2599999999999,46000.0
17.2699999999999,46000.0
17.2799999999999,46000.0
17.289999999999903,46000.0
17.299999999999905,46000.0
17.309999999999906,46000.0
17.319999999999908,46000.0
17.32999999999991,46000.0
17.33999999999991,46000.0
17.349999999999913,46000.0
17.359999999999914,46000.0
17.369999999999916,46000.0
17.379999999999917,46000.0
17.38999999999992,46100.0
17.39999999999992,46000.0
17.409999999999922,46000.0
17.419999999999924,46000.0
17.429999999999925,46000.0
17.439999999999927,46000.0
17.44999999999993,46000.0
17.45999999999993,46000.0
17.46999999999993,46000.0
17.479999999999933,46000.0
17.489999999999934,46000.0
17.499999999999936,46000.0
17.509999999999938,46000.0
17.51999999999994,46000.0
17.52999999999994,46000.0
17.539999999999942,46000.0
17.549999999999944,46000.0
17.559999999999945,46000.0
17.569999999999947,46000.0
17.57999999999995,46000.0
17.58999999999995,46000.0
17.59999999999995,46000.0
17.609999999999953,46000.0
17.619999999999955,46000.0
17.629999999999956,46000.0
17.639999999999958,46000.0
17.64999999999996,46100.0
17.65999999999996,46000.0
17.669999999999963,46000.0
17.679999999999964,46000.0
17.689999999999966,46000.0
17.699999999999967,46000.0
17.70999999999997,46000.0
17.71999999999997,46000.0
17.729999999999972,46000.0
17.739999999999974,46000.0
17.749999999999975,46000.0
17.759999999999977,46000.0
17.76999999999998,46000.0
17.77999999999998,46000.0
17.78999999999998,46000.0
17.799999999999983,46000.0
17.809999999999985,46000.0
17.819999999999986,46000.0
17.829999999999988,46000.0
